{
  "metadata": {
    "description": "India districts with coordinates for EHI forecast",
    "source": "Census of India 2011 district boundaries",
    "total_districts": 640
  },
  "states": {
    "Andhra_Pradesh": {
      "capital": { "name": "Amaravati", "lat": 16.5131, "lon": 80.5150 },
      "districts": {
        "Anantapur": { "lat": 14.6819, "lon": 77.6006 },
        "Chittoor": { "lat": 13.2172, "lon": 79.1003 },
        "East_Godavari": { "lat": 17.0, "lon": 82.0 },
        "Guntur": { "lat": 16.3067, "lon": 80.4365 },
        "Krishna": { "lat": 16.6100, "lon": 80.7214 },
        "Kurnool": { "lat": 15.8281, "lon": 78.0373 },
        "Nellore": { "lat": 14.4426, "lon": 79.9865 },
        "Prakasam": { "lat": 15.5, "lon": 79.5 },
        "Srikakulam": { "lat": 18.2949, "lon": 83.8938 },
        "Visakhapatnam": { "lat": 17.6868, "lon": 83.2185 },
        "Vizianagaram": { "lat": 18.1067, "lon": 83.3956 },
        "West_Godavari": { "lat": 16.9174, "lon": 81.3399 },
        "YSR_Kadapa": { "lat": 14.4673, "lon": 78.8242 }
      }
    },
    "Arunachal_Pradesh": {
      "capital": { "name": "Itanagar", "lat": 27.0844, "lon": 93.6053 },
      "districts": {
        "Anjaw": { "lat": 28.0667, "lon": 96.8333 },
        "Changlang": { "lat": 27.1333, "lon": 95.7333 },
        "Dibang_Valley": { "lat": 28.7, "lon": 95.7 },
        "East_Kameng": { "lat": 27.3167, "lon": 93.0333 },
        "East_Siang": { "lat": 28.1, "lon": 95.3 },
        "Kurung_Kumey": { "lat": 27.9833, "lon": 93.4 },
        "Lohit": { "lat": 27.85, "lon": 96.2 },
        "Longding": { "lat": 26.9, "lon": 95.3 },
        "Lower_Dibang_Valley": { "lat": 28.0, "lon": 95.8 },
        "Lower_Subansiri": { "lat": 27.6333, "lon": 93.8833 },
        "Namsai": { "lat": 27.7, "lon": 95.8 },
        "Papum_Pare": { "lat": 27.0844, "lon": 93.6053 },
        "Tawang": { "lat": 27.5859, "lon": 91.8687 },
        "Tirap": { "lat": 27.0167, "lon": 95.5167 },
        "Upper_Siang": { "lat": 28.8, "lon": 94.9 },
        "Upper_Subansiri": { "lat": 28.35, "lon": 94.15 },
        "West_Kameng": { "lat": 27.3333, "lon": 92.4 },
        "West_Siang": { "lat": 28.1, "lon": 94.3 }
      }
    },
    "Assam": {
      "capital": { "name": "Dispur", "lat": 26.1445, "lon": 91.7362 },
      "districts": {
        "Baksa": { "lat": 26.7, "lon": 91.25 },
        "Barpeta": { "lat": 26.3215, "lon": 91.0064 },
        "Biswanath": { "lat": 26.7, "lon": 93.15 },
        "Bongaigaon": { "lat": 26.4769, "lon": 90.5583 },
        "Cachar": { "lat": 24.7964, "lon": 92.8156 },
        "Charaideo": { "lat": 27.0, "lon": 94.9 },
        "Chirang": { "lat": 26.5, "lon": 90.5 },
        "Darrang": { "lat": 26.4500, "lon": 92.0333 },
        "Dhemaji": { "lat": 27.4833, "lon": 94.5667 },
        "Dhubri": { "lat": 26.0217, "lon": 90.0015 },
        "Dibrugarh": { "lat": 27.4728, "lon": 94.9120 },
        "Dima_Hasao": { "lat": 25.5, "lon": 93.0 },
        "Goalpara": { "lat": 26.1697, "lon": 90.6252 },
        "Golaghat": { "lat": 26.5183, "lon": 93.9619 },
        "Hailakandi": { "lat": 24.6833, "lon": 92.5667 },
        "Hojai": { "lat": 26.0, "lon": 92.85 },
        "Jorhat": { "lat": 26.7509, "lon": 94.2037 },
        "Kamrup": { "lat": 26.2, "lon": 91.7 },
        "Kamrup_Metropolitan": { "lat": 26.1445, "lon": 91.7362 },
        "Karbi_Anglong": { "lat": 26.0, "lon": 93.5 },
        "Karimganj": { "lat": 24.8649, "lon": 92.3590 },
        "Kokrajhar": { "lat": 26.4, "lon": 90.27 },
        "Lakhimpur": { "lat": 27.2352, "lon": 94.1068 },
        "Majuli": { "lat": 26.95, "lon": 94.17 },
        "Morigaon": { "lat": 26.2517, "lon": 92.3417 },
        "Nagaon": { "lat": 26.3498, "lon": 92.6837 },
        "Nalbari": { "lat": 26.4500, "lon": 91.4333 },
        "Sivasagar": { "lat": 26.9833, "lon": 94.6333 },
        "Sonitpur": { "lat": 26.65, "lon": 92.8 },
        "South_Salmara_Mankachar": { "lat": 25.95, "lon": 89.85 },
        "Tinsukia": { "lat": 27.4833, "lon": 95.3667 },
        "Udalguri": { "lat": 26.75, "lon": 92.1 },
        "West_Karbi_Anglong": { "lat": 26.1, "lon": 93.1 }
      }
    },
    "Bihar": {
      "capital": { "name": "Patna", "lat": 25.5941, "lon": 85.1376 },
      "districts": {
        "Araria": { "lat": 26.1497, "lon": 87.4619 },
        "Arwal": { "lat": 25.2442, "lon": 84.6903 },
        "Aurangabad": { "lat": 24.7520, "lon": 84.3740 },
        "Banka": { "lat": 24.8833, "lon": 86.9167 },
        "Begusarai": { "lat": 25.4181, "lon": 86.1272 },
        "Bhagalpur": { "lat": 25.2425, "lon": 86.9842 },
        "Bhojpur": { "lat": 25.5, "lon": 84.5 },
        "Buxar": { "lat": 25.5667, "lon": 83.9833 },
        "Darbhanga": { "lat": 26.1542, "lon": 85.8918 },
        "East_Champaran": { "lat": 26.6500, "lon": 84.8500 },
        "Gaya": { "lat": 24.7964, "lon": 84.9993 },
        "Gopalganj": { "lat": 26.4711, "lon": 84.4363 },
        "Jamui": { "lat": 24.9333, "lon": 86.2333 },
        "Jehanabad": { "lat": 25.2123, "lon": 84.9893 },
        "Kaimur": { "lat": 25.05, "lon": 83.6 },
        "Katihar": { "lat": 25.5392, "lon": 87.5719 },
        "Khagaria": { "lat": 25.5, "lon": 86.4667 },
        "Kishanganj": { "lat": 26.0914, "lon": 87.9497 },
        "Lakhisarai": { "lat": 25.1563, "lon": 86.0948 },
        "Madhepura": { "lat": 25.9167, "lon": 86.7833 },
        "Madhubani": { "lat": 26.3542, "lon": 86.0718 },
        "Munger": { "lat": 25.3708, "lon": 86.4734 },
        "Muzaffarpur": { "lat": 26.1225, "lon": 85.3906 },
        "Nalanda": { "lat": 25.2, "lon": 85.5 },
        "Nawada": { "lat": 24.8833, "lon": 85.5333 },
        "Patna": { "lat": 25.5941, "lon": 85.1376 },
        "Purnia": { "lat": 25.7771, "lon": 87.4753 },
        "Rohtas": { "lat": 24.9667, "lon": 84.0167 },
        "Saharsa": { "lat": 25.8833, "lon": 86.6000 },
        "Samastipur": { "lat": 25.8608, "lon": 85.7811 },
        "Saran": { "lat": 25.9167, "lon": 84.75 },
        "Sheikhpura": { "lat": 25.1378, "lon": 85.8411 },
        "Sheohar": { "lat": 26.5167, "lon": 85.3 },
        "Sitamarhi": { "lat": 26.5833, "lon": 85.4833 },
        "Siwan": { "lat": 26.2167, "lon": 84.3667 },
        "Supaul": { "lat": 26.1167, "lon": 86.6 },
        "Vaishali": { "lat": 25.6833, "lon": 85.2167 },
        "West_Champaran": { "lat": 27.0, "lon": 84.5 }
      }
    },
    "Chhattisgarh": {
      "capital": { "name": "Raipur", "lat": 21.2514, "lon": 81.6296 },
      "districts": {
        "Balod": { "lat": 20.7333, "lon": 81.2 },
        "Baloda_Bazar": { "lat": 21.65, "lon": 82.15 },
        "Balrampur": { "lat": 23.1667, "lon": 83.5333 },
        "Bastar": { "lat": 19.0667, "lon": 81.95 },
        "Bemetara": { "lat": 21.7167, "lon": 81.5333 },
        "Bijapur": { "lat": 18.8333, "lon": 80.7833 },
        "Bilaspur": { "lat": 22.0796, "lon": 82.1391 },
        "Dantewada": { "lat": 18.9, "lon": 81.35 },
        "Dhamtari": { "lat": 20.7067, "lon": 81.5497 },
        "Durg": { "lat": 21.1904, "lon": 81.2849 },
        "Gariaband": { "lat": 20.6333, "lon": 82.0667 },
        "Janjgir_Champa": { "lat": 21.8833, "lon": 82.5833 },
        "Jashpur": { "lat": 22.9, "lon": 84.1333 },
        "Kabirdham": { "lat": 22.1, "lon": 81.25 },
        "Kanker": { "lat": 20.2667, "lon": 81.4833 },
        "Kondagaon": { "lat": 19.6, "lon": 81.65 },
        "Korba": { "lat": 22.35, "lon": 82.7 },
        "Koriya": { "lat": 23.2, "lon": 82.55 },
        "Mahasamund": { "lat": 21.1167, "lon": 82.1 },
        "Mungeli": { "lat": 22.0667, "lon": 81.6833 },
        "Narayanpur": { "lat": 19.7167, "lon": 81.25 },
        "Raigarh": { "lat": 21.8974, "lon": 83.3950 },
        "Raipur": { "lat": 21.2514, "lon": 81.6296 },
        "Rajnandgaon": { "lat": 21.0972, "lon": 81.0289 },
        "Sukma": { "lat": 18.3833, "lon": 81.65 },
        "Surajpur": { "lat": 23.2167, "lon": 82.8667 },
        "Surguja": { "lat": 23.1167, "lon": 83.1833 }
      }
    },
    "Delhi": {
      "capital": { "name": "New Delhi", "lat": 28.6139, "lon": 77.2090 },
      "districts": {
        "Central_Delhi": { "lat": 28.6508, "lon": 77.2219 },
        "East_Delhi": { "lat": 28.6280, "lon": 77.2950 },
        "New_Delhi": { "lat": 28.6139, "lon": 77.2090 },
        "North_Delhi": { "lat": 28.7167, "lon": 77.2000 },
        "North_East_Delhi": { "lat": 28.6833, "lon": 77.2667 },
        "North_West_Delhi": { "lat": 28.7000, "lon": 77.1000 },
        "Shahdara": { "lat": 28.6833, "lon": 77.2833 },
        "South_Delhi": { "lat": 28.5300, "lon": 77.2500 },
        "South_East_Delhi": { "lat": 28.5500, "lon": 77.2833 },
        "South_West_Delhi": { "lat": 28.5500, "lon": 77.0500 },
        "West_Delhi": { "lat": 28.6500, "lon": 77.0500 }
      }
    },
    "Goa": {
      "capital": { "name": "Panaji", "lat": 15.4909, "lon": 73.8278 },
      "districts": {
        "North_Goa": { "lat": 15.5333, "lon": 73.95 },
        "South_Goa": { "lat": 15.2, "lon": 74.0 }
      }
    },
    "Gujarat": {
      "capital": { "name": "Gandhinagar", "lat": 23.2156, "lon": 72.6369 },
      "districts": {
        "Ahmedabad": { "lat": 23.0225, "lon": 72.5714 },
        "Amreli": { "lat": 21.6000, "lon": 71.2167 },
        "Anand": { "lat": 22.5645, "lon": 72.9289 },
        "Aravalli": { "lat": 23.5, "lon": 73.3 },
        "Banaskantha": { "lat": 24.1833, "lon": 72.4333 },
        "Bharuch": { "lat": 21.7051, "lon": 72.9959 },
        "Bhavnagar": { "lat": 21.7645, "lon": 72.1519 },
        "Botad": { "lat": 22.1667, "lon": 71.6667 },
        "Chhota_Udaipur": { "lat": 22.3, "lon": 74.0167 },
        "Dahod": { "lat": 22.8333, "lon": 74.25 },
        "Dang": { "lat": 20.75, "lon": 73.7 },
        "Devbhoomi_Dwarka": { "lat": 22.2417, "lon": 68.9685 },
        "Gandhinagar": { "lat": 23.2156, "lon": 72.6369 },
        "Gir_Somnath": { "lat": 20.9, "lon": 70.4 },
        "Jamnagar": { "lat": 22.4707, "lon": 70.0577 },
        "Junagadh": { "lat": 21.5222, "lon": 70.4579 },
        "Kheda": { "lat": 22.7500, "lon": 72.6833 },
        "Kutch": { "lat": 23.7333, "lon": 69.8597 },
        "Mahisagar": { "lat": 23.15, "lon": 73.65 },
        "Mehsana": { "lat": 23.5879, "lon": 72.3693 },
        "Morbi": { "lat": 22.8167, "lon": 70.8333 },
        "Narmada": { "lat": 21.8667, "lon": 73.5 },
        "Navsari": { "lat": 20.8504, "lon": 72.9520 },
        "Panchmahal": { "lat": 22.75, "lon": 73.6 },
        "Patan": { "lat": 23.85, "lon": 72.1167 },
        "Porbandar": { "lat": 21.6417, "lon": 69.6293 },
        "Rajkot": { "lat": 22.3039, "lon": 70.8022 },
        "Sabarkantha": { "lat": 23.6, "lon": 73.0 },
        "Surat": { "lat": 21.1702, "lon": 72.8311 },
        "Surendranagar": { "lat": 22.7333, "lon": 71.6833 },
        "Tapi": { "lat": 21.1, "lon": 73.4 },
        "Vadodara": { "lat": 22.3072, "lon": 73.1812 },
        "Valsad": { "lat": 20.5992, "lon": 72.9342 }
      }
    },
    "Haryana": {
      "capital": { "name": "Chandigarh", "lat": 30.7333, "lon": 76.7794 },
      "districts": {
        "Ambala": { "lat": 30.3782, "lon": 76.7767 },
        "Bhiwani": { "lat": 28.7977, "lon": 76.1322 },
        "Charkhi_Dadri": { "lat": 28.5917, "lon": 76.2708 },
        "Faridabad": { "lat": 28.4089, "lon": 77.3178 },
        "Fatehabad": { "lat": 29.5167, "lon": 75.45 },
        "Gurugram": { "lat": 28.4595, "lon": 77.0266 },
        "Hisar": { "lat": 29.1492, "lon": 75.7217 },
        "Jhajjar": { "lat": 28.6167, "lon": 76.6556 },
        "Jind": { "lat": 29.3167, "lon": 76.3167 },
        "Kaithal": { "lat": 29.8015, "lon": 76.3998 },
        "Karnal": { "lat": 29.6857, "lon": 76.9905 },
        "Kurukshetra": { "lat": 29.9695, "lon": 76.8783 },
        "Mahendragarh": { "lat": 28.2833, "lon": 76.15 },
        "Nuh": { "lat": 28.1, "lon": 77.0 },
        "Palwal": { "lat": 28.1447, "lon": 77.3320 },
        "Panchkula": { "lat": 30.6942, "lon": 76.8606 },
        "Panipat": { "lat": 29.3909, "lon": 76.9635 },
        "Rewari": { "lat": 28.1833, "lon": 76.6167 },
        "Rohtak": { "lat": 28.8955, "lon": 76.5893 },
        "Sirsa": { "lat": 29.5331, "lon": 75.0286 },
        "Sonipat": { "lat": 28.9288, "lon": 77.0913 },
        "Yamunanagar": { "lat": 30.1290, "lon": 77.2674 }
      }
    },
    "Himachal_Pradesh": {
      "capital": { "name": "Shimla", "lat": 31.1048, "lon": 77.1734 },
      "districts": {
        "Bilaspur": { "lat": 31.3333, "lon": 76.7667 },
        "Chamba": { "lat": 32.5534, "lon": 76.1258 },
        "Hamirpur": { "lat": 31.6862, "lon": 76.5213 },
        "Kangra": { "lat": 32.0998, "lon": 76.2691 },
        "Kinnaur": { "lat": 31.5833, "lon": 78.4167 },
        "Kullu": { "lat": 31.9579, "lon": 77.1095 },
        "Lahaul_Spiti": { "lat": 32.5, "lon": 77.5 },
        "Mandi": { "lat": 31.7167, "lon": 76.9167 },
        "Shimla": { "lat": 31.1048, "lon": 77.1734 },
        "Sirmaur": { "lat": 30.5667, "lon": 77.3 },
        "Solan": { "lat": 30.9045, "lon": 77.0967 },
        "Una": { "lat": 31.4685, "lon": 76.2708 }
      }
    },
    "Jharkhand": {
      "capital": { "name": "Ranchi", "lat": 23.3441, "lon": 85.3096 },
      "districts": {
        "Bokaro": { "lat": 23.6693, "lon": 86.1511 },
        "Chatra": { "lat": 24.2, "lon": 84.85 },
        "Deoghar": { "lat": 24.4833, "lon": 86.7 },
        "Dhanbad": { "lat": 23.7957, "lon": 86.4304 },
        "Dumka": { "lat": 24.2667, "lon": 87.25 },
        "East_Singhbhum": { "lat": 22.8, "lon": 86.2 },
        "Garhwa": { "lat": 24.1667, "lon": 83.8 },
        "Giridih": { "lat": 24.1833, "lon": 86.3 },
        "Godda": { "lat": 24.8333, "lon": 87.2167 },
        "Gumla": { "lat": 23.0833, "lon": 84.55 },
        "Hazaribagh": { "lat": 23.9925, "lon": 85.3637 },
        "Jamtara": { "lat": 23.95, "lon": 86.8 },
        "Khunti": { "lat": 23.0667, "lon": 85.2833 },
        "Koderma": { "lat": 24.4667, "lon": 85.5833 },
        "Latehar": { "lat": 23.7333, "lon": 84.5 },
        "Lohardaga": { "lat": 23.4333, "lon": 84.6833 },
        "Pakur": { "lat": 24.6333, "lon": 87.8333 },
        "Palamu": { "lat": 24.0167, "lon": 84.05 },
        "Ramgarh": { "lat": 23.6333, "lon": 85.5167 },
        "Ranchi": { "lat": 23.3441, "lon": 85.3096 },
        "Sahebganj": { "lat": 25.2667, "lon": 87.6333 },
        "Seraikela_Kharsawan": { "lat": 22.7, "lon": 85.8333 },
        "Simdega": { "lat": 22.6167, "lon": 84.5 },
        "West_Singhbhum": { "lat": 22.4167, "lon": 85.6167 }
      }
    },
    "Karnataka": {
      "capital": { "name": "Bengaluru", "lat": 12.9716, "lon": 77.5946 },
      "districts": {
        "Bagalkot": { "lat": 16.1807, "lon": 75.6962 },
        "Ballari": { "lat": 15.1394, "lon": 76.9214 },
        "Belagavi": { "lat": 15.8497, "lon": 74.4977 },
        "Bengaluru_Rural": { "lat": 13.1333, "lon": 77.5667 },
        "Bengaluru_Urban": { "lat": 12.9716, "lon": 77.5946 },
        "Bidar": { "lat": 17.9133, "lon": 77.5301 },
        "Chamarajanagar": { "lat": 11.9167, "lon": 76.95 },
        "Chikballapur": { "lat": 13.4333, "lon": 77.7167 },
        "Chikkamagaluru": { "lat": 13.3161, "lon": 75.7720 },
        "Chitradurga": { "lat": 14.2308, "lon": 76.4006 },
        "Dakshina_Kannada": { "lat": 12.8438, "lon": 75.2479 },
        "Davanagere": { "lat": 14.4644, "lon": 75.9218 },
        "Dharwad": { "lat": 15.4589, "lon": 75.0078 },
        "Gadag": { "lat": 15.4167, "lon": 75.6333 },
        "Hassan": { "lat": 13.0000, "lon": 76.1000 },
        "Haveri": { "lat": 14.7951, "lon": 75.3991 },
        "Kalaburagi": { "lat": 17.3297, "lon": 76.8343 },
        "Kodagu": { "lat": 12.4167, "lon": 75.75 },
        "Kolar": { "lat": 13.1333, "lon": 78.1333 },
        "Koppal": { "lat": 15.35, "lon": 76.15 },
        "Mandya": { "lat": 12.5222, "lon": 76.8952 },
        "Mysuru": { "lat": 12.2958, "lon": 76.6394 },
        "Raichur": { "lat": 16.2076, "lon": 77.3463 },
        "Ramanagara": { "lat": 12.7167, "lon": 77.2833 },
        "Shivamogga": { "lat": 13.9299, "lon": 75.5681 },
        "Tumakuru": { "lat": 13.3409, "lon": 77.1010 },
        "Udupi": { "lat": 13.3389, "lon": 74.7451 },
        "Uttara_Kannada": { "lat": 14.6667, "lon": 74.5 },
        "Vijayapura": { "lat": 16.8302, "lon": 75.7100 },
        "Yadgir": { "lat": 16.7667, "lon": 77.1333 }
      }
    },
    "Kerala": {
      "capital": { "name": "Thiruvananthapuram", "lat": 8.5241, "lon": 76.9366 },
      "districts": {
        "Alappuzha": { "lat": 9.4981, "lon": 76.3388 },
        "Ernakulam": { "lat": 9.9816, "lon": 76.2999 },
        "Idukki": { "lat": 9.85, "lon": 77.0 },
        "Kannur": { "lat": 11.8745, "lon": 75.3704 },
        "Kasaragod": { "lat": 12.5, "lon": 75.0 },
        "Kollam": { "lat": 8.8932, "lon": 76.6141 },
        "Kottayam": { "lat": 9.5916, "lon": 76.5222 },
        "Kozhikode": { "lat": 11.2588, "lon": 75.7804 },
        "Malappuram": { "lat": 11.0510, "lon": 76.0711 },
        "Palakkad": { "lat": 10.7867, "lon": 76.6548 },
        "Pathanamthitta": { "lat": 9.2667, "lon": 76.7833 },
        "Thiruvananthapuram": { "lat": 8.5241, "lon": 76.9366 },
        "Thrissur": { "lat": 10.5276, "lon": 76.2144 },
        "Wayanad": { "lat": 11.6854, "lon": 76.1320 }
      }
    },
    "Madhya_Pradesh": {
      "capital": { "name": "Bhopal", "lat": 23.2599, "lon": 77.4126 },
      "districts": {
        "Agar_Malwa": { "lat": 23.7167, "lon": 76.0167 },
        "Alirajpur": { "lat": 22.3, "lon": 74.35 },
        "Anuppur": { "lat": 23.1, "lon": 81.7 },
        "Ashoknagar": { "lat": 24.5833, "lon": 77.7333 },
        "Balaghat": { "lat": 21.8167, "lon": 80.1833 },
        "Barwani": { "lat": 22.0333, "lon": 74.9 },
        "Betul": { "lat": 21.9, "lon": 77.9 },
        "Bhind": { "lat": 26.5667, "lon": 78.7833 },
        "Bhopal": { "lat": 23.2599, "lon": 77.4126 },
        "Burhanpur": { "lat": 21.3, "lon": 76.2333 },
        "Chhatarpur": { "lat": 24.9167, "lon": 79.5833 },
        "Chhindwara": { "lat": 22.0667, "lon": 78.9333 },
        "Damoh": { "lat": 23.8333, "lon": 79.45 },
        "Datia": { "lat": 25.6667, "lon": 78.4667 },
        "Dewas": { "lat": 22.9676, "lon": 76.0534 },
        "Dhar": { "lat": 22.6, "lon": 75.3 },
        "Dindori": { "lat": 22.95, "lon": 81.0833 },
        "Guna": { "lat": 24.65, "lon": 77.3167 },
        "Gwalior": { "lat": 26.2183, "lon": 78.1828 },
        "Harda": { "lat": 22.35, "lon": 77.1 },
        "Hoshangabad": { "lat": 22.75, "lon": 77.7333 },
        "Indore": { "lat": 22.7196, "lon": 75.8577 },
        "Jabalpur": { "lat": 23.1815, "lon": 79.9864 },
        "Jhabua": { "lat": 22.7667, "lon": 74.6 },
        "Katni": { "lat": 23.8333, "lon": 80.4 },
        "Khandwa": { "lat": 21.8167, "lon": 76.35 },
        "Khargone": { "lat": 21.8167, "lon": 75.6167 },
        "Mandla": { "lat": 22.6, "lon": 80.3833 },
        "Mandsaur": { "lat": 24.0667, "lon": 75.0667 },
        "Morena": { "lat": 26.5, "lon": 78.0 },
        "Narsinghpur": { "lat": 22.95, "lon": 79.2 },
        "Neemuch": { "lat": 24.4667, "lon": 74.8667 },
        "Panna": { "lat": 24.7167, "lon": 80.1833 },
        "Raisen": { "lat": 23.3333, "lon": 77.8 },
        "Rajgarh": { "lat": 24.0, "lon": 76.7333 },
        "Ratlam": { "lat": 23.3167, "lon": 75.05 },
        "Rewa": { "lat": 24.5333, "lon": 81.3 },
        "Sagar": { "lat": 23.8333, "lon": 78.7333 },
        "Satna": { "lat": 24.5833, "lon": 80.8333 },
        "Sehore": { "lat": 23.2, "lon": 77.0833 },
        "Seoni": { "lat": 22.0833, "lon": 79.55 },
        "Shahdol": { "lat": 23.3, "lon": 81.35 },
        "Shajapur": { "lat": 23.4167, "lon": 76.2667 },
        "Sheopur": { "lat": 25.6667, "lon": 76.7 },
        "Shivpuri": { "lat": 25.4333, "lon": 77.65 },
        "Sidhi": { "lat": 24.4167, "lon": 81.8833 },
        "Singrauli": { "lat": 24.2, "lon": 82.65 },
        "Tikamgarh": { "lat": 24.7333, "lon": 78.8333 },
        "Ujjain": { "lat": 23.1793, "lon": 75.7849 },
        "Umaria": { "lat": 23.5167, "lon": 80.8333 },
        "Vidisha": { "lat": 23.5167, "lon": 77.8167 }
      }
    },
    "Maharashtra": {
      "capital": { "name": "Mumbai", "lat": 19.0760, "lon": 72.8777 },
      "districts": {
        "Ahmednagar": { "lat": 19.0948, "lon": 74.7480 },
        "Akola": { "lat": 20.7059, "lon": 77.0038 },
        "Amravati": { "lat": 20.9374, "lon": 77.7796 },
        "Aurangabad": { "lat": 19.8762, "lon": 75.3433 },
        "Beed": { "lat": 18.9833, "lon": 75.75 },
        "Bhandara": { "lat": 21.1667, "lon": 79.65 },
        "Buldhana": { "lat": 20.5333, "lon": 76.1833 },
        "Chandrapur": { "lat": 19.95, "lon": 79.3 },
        "Dhule": { "lat": 20.9, "lon": 74.7833 },
        "Gadchiroli": { "lat": 20.1, "lon": 80.0 },
        "Gondia": { "lat": 21.45, "lon": 80.2 },
        "Hingoli": { "lat": 19.7167, "lon": 77.1333 },
        "Jalgaon": { "lat": 21.0077, "lon": 75.5626 },
        "Jalna": { "lat": 19.8333, "lon": 75.8833 },
        "Kolhapur": { "lat": 16.7050, "lon": 74.2433 },
        "Latur": { "lat": 18.4, "lon": 76.5667 },
        "Mumbai": { "lat": 19.0760, "lon": 72.8777 },
        "Mumbai_Suburban": { "lat": 19.1, "lon": 72.9 },
        "Nagpur": { "lat": 21.1458, "lon": 79.0882 },
        "Nanded": { "lat": 19.1667, "lon": 77.3 },
        "Nandurbar": { "lat": 21.3667, "lon": 74.25 },
        "Nashik": { "lat": 19.9975, "lon": 73.7898 },
        "Osmanabad": { "lat": 18.1833, "lon": 76.05 },
        "Palghar": { "lat": 19.6967, "lon": 72.7650 },
        "Parbhani": { "lat": 19.2667, "lon": 76.7667 },
        "Pune": { "lat": 18.5204, "lon": 73.8567 },
        "Raigad": { "lat": 18.5167, "lon": 73.1833 },
        "Ratnagiri": { "lat": 16.9833, "lon": 73.3 },
        "Sangli": { "lat": 16.8667, "lon": 74.5667 },
        "Satara": { "lat": 17.6833, "lon": 74.0 },
        "Sindhudurg": { "lat": 16.35, "lon": 73.75 },
        "Solapur": { "lat": 17.6599, "lon": 75.9064 },
        "Thane": { "lat": 19.2183, "lon": 72.9781 },
        "Wardha": { "lat": 20.75, "lon": 78.6 },
        "Washim": { "lat": 20.1167, "lon": 77.15 },
        "Yavatmal": { "lat": 20.4, "lon": 78.1333 }
      }
    },
    "Manipur": {
      "capital": { "name": "Imphal", "lat": 24.8170, "lon": 93.9368 },
      "districts": {
        "Bishnupur": { "lat": 24.6333, "lon": 93.7667 },
        "Chandel": { "lat": 24.3333, "lon": 94.0 },
        "Churachandpur": { "lat": 24.3333, "lon": 93.6833 },
        "Imphal_East": { "lat": 24.8170, "lon": 93.9368 },
        "Imphal_West": { "lat": 24.8, "lon": 93.9 },
        "Jiribam": { "lat": 24.8, "lon": 93.1167 },
        "Kakching": { "lat": 24.5, "lon": 93.9833 },
        "Kamjong": { "lat": 25.0833, "lon": 94.4833 },
        "Kangpokpi": { "lat": 25.1333, "lon": 93.9667 },
        "Noney": { "lat": 24.9, "lon": 93.55 },
        "Pherzawl": { "lat": 24.35, "lon": 93.2833 },
        "Senapati": { "lat": 25.2667, "lon": 94.0167 },
        "Tamenglong": { "lat": 24.9833, "lon": 93.5 },
        "Tengnoupal": { "lat": 24.2667, "lon": 94.2333 },
        "Thoubal": { "lat": 24.6333, "lon": 94.0167 },
        "Ukhrul": { "lat": 25.1167, "lon": 94.35 }
      }
    },
    "Meghalaya": {
      "capital": { "name": "Shillong", "lat": 25.5788, "lon": 91.8933 },
      "districts": {
        "East_Garo_Hills": { "lat": 25.5, "lon": 90.6167 },
        "East_Jaintia_Hills": { "lat": 25.3333, "lon": 92.4 },
        "East_Khasi_Hills": { "lat": 25.5, "lon": 91.8833 },
        "North_Garo_Hills": { "lat": 25.7, "lon": 90.4667 },
        "Ri_Bhoi": { "lat": 25.8833, "lon": 91.9 },
        "South_Garo_Hills": { "lat": 25.3, "lon": 90.6333 },
        "South_West_Garo_Hills": { "lat": 25.3833, "lon": 90.2333 },
        "South_West_Khasi_Hills": { "lat": 25.3333, "lon": 91.2333 },
        "West_Garo_Hills": { "lat": 25.5333, "lon": 90.2167 },
        "West_Jaintia_Hills": { "lat": 25.4167, "lon": 92.2 },
        "West_Khasi_Hills": { "lat": 25.5167, "lon": 91.2833 }
      }
    },
    "Mizoram": {
      "capital": { "name": "Aizawl", "lat": 23.7271, "lon": 92.7176 },
      "districts": {
        "Aizawl": { "lat": 23.7271, "lon": 92.7176 },
        "Champhai": { "lat": 23.4667, "lon": 93.3333 },
        "Kolasib": { "lat": 24.2167, "lon": 92.6833 },
        "Lawngtlai": { "lat": 22.5167, "lon": 92.9 },
        "Lunglei": { "lat": 22.8833, "lon": 92.7333 },
        "Mamit": { "lat": 23.9333, "lon": 92.4833 },
        "Saiha": { "lat": 22.4833, "lon": 92.9833 },
        "Serchhip": { "lat": 23.3, "lon": 92.8333 }
      }
    },
    "Nagaland": {
      "capital": { "name": "Kohima", "lat": 25.6751, "lon": 94.1086 },
      "districts": {
        "Dimapur": { "lat": 25.9, "lon": 93.7333 },
        "Kiphire": { "lat": 25.9667, "lon": 94.9667 },
        "Kohima": { "lat": 25.6751, "lon": 94.1086 },
        "Longleng": { "lat": 26.2667, "lon": 94.8833 },
        "Mokokchung": { "lat": 26.3167, "lon": 94.5167 },
        "Mon": { "lat": 26.7167, "lon": 94.85 },
        "Peren": { "lat": 25.5167, "lon": 93.7333 },
        "Phek": { "lat": 25.6667, "lon": 94.4667 },
        "Tuensang": { "lat": 26.2667, "lon": 94.8333 },
        "Wokha": { "lat": 26.1, "lon": 94.2667 },
        "Zunheboto": { "lat": 25.9667, "lon": 94.5167 }
      }
    },
    "Odisha": {
      "capital": { "name": "Bhubaneswar", "lat": 20.2961, "lon": 85.8245 },
      "districts": {
        "Angul": { "lat": 20.85, "lon": 85.1 },
        "Balangir": { "lat": 20.7167, "lon": 83.4833 },
        "Balasore": { "lat": 21.5, "lon": 86.9333 },
        "Bargarh": { "lat": 21.3333, "lon": 83.6167 },
        "Bhadrak": { "lat": 21.0667, "lon": 86.5 },
        "Boudh": { "lat": 20.8333, "lon": 84.3333 },
        "Cuttack": { "lat": 20.4625, "lon": 85.8830 },
        "Deogarh": { "lat": 21.5333, "lon": 84.7333 },
        "Dhenkanal": { "lat": 20.65, "lon": 85.6 },
        "Gajapati": { "lat": 19.2, "lon": 84.0667 },
        "Ganjam": { "lat": 19.3833, "lon": 84.4333 },
        "Jagatsinghpur": { "lat": 20.25, "lon": 86.1667 },
        "Jajpur": { "lat": 20.85, "lon": 86.3333 },
        "Jharsuguda": { "lat": 21.85, "lon": 84.0167 },
        "Kalahandi": { "lat": 19.9167, "lon": 83.1667 },
        "Kandhamal": { "lat": 20.1333, "lon": 84.0667 },
        "Kendrapara": { "lat": 20.5, "lon": 86.4167 },
        "Kendujhar": { "lat": 21.6333, "lon": 85.5833 },
        "Khordha": { "lat": 20.1833, "lon": 85.6167 },
        "Koraput": { "lat": 18.8167, "lon": 82.7167 },
        "Malkangiri": { "lat": 18.35, "lon": 81.9 },
        "Mayurbhanj": { "lat": 21.9333, "lon": 86.7333 },
        "Nabarangpur": { "lat": 19.2333, "lon": 82.55 },
        "Nayagarh": { "lat": 20.1333, "lon": 85.1 },
        "Nuapada": { "lat": 20.8167, "lon": 82.55 },
        "Puri": { "lat": 19.8, "lon": 85.8167 },
        "Rayagada": { "lat": 19.1667, "lon": 83.4167 },
        "Sambalpur": { "lat": 21.4667, "lon": 83.9667 },
        "Subarnapur": { "lat": 20.8333, "lon": 83.9167 },
        "Sundargarh": { "lat": 22.1167, "lon": 84.0333 }
      }
    },
    "Punjab": {
      "capital": { "name": "Chandigarh", "lat": 30.7333, "lon": 76.7794 },
      "districts": {
        "Amritsar": { "lat": 31.6340, "lon": 74.8723 },
        "Barnala": { "lat": 30.3833, "lon": 75.55 },
        "Bathinda": { "lat": 30.2110, "lon": 74.9455 },
        "Faridkot": { "lat": 30.6833, "lon": 74.75 },
        "Fatehgarh_Sahib": { "lat": 30.65, "lon": 76.4 },
        "Fazilka": { "lat": 30.4, "lon": 74.0167 },
        "Ferozepur": { "lat": 30.9333, "lon": 74.6 },
        "Gurdaspur": { "lat": 32.0333, "lon": 75.4 },
        "Hoshiarpur": { "lat": 31.5333, "lon": 75.9167 },
        "Jalandhar": { "lat": 31.3260, "lon": 75.5762 },
        "Kapurthala": { "lat": 31.3833, "lon": 75.3833 },
        "Ludhiana": { "lat": 30.9010, "lon": 75.8573 },
        "Mansa": { "lat": 29.9833, "lon": 75.4 },
        "Moga": { "lat": 30.8167, "lon": 75.1667 },
        "Muktsar": { "lat": 30.4833, "lon": 74.5167 },
        "Pathankot": { "lat": 32.2833, "lon": 75.65 },
        "Patiala": { "lat": 30.3398, "lon": 76.3869 },
        "Rupnagar": { "lat": 31.05, "lon": 76.5333 },
        "SAS_Nagar": { "lat": 30.65, "lon": 76.7167 },
        "Sangrur": { "lat": 30.25, "lon": 75.85 },
        "Shaheed_Bhagat_Singh_Nagar": { "lat": 31.1, "lon": 76.1167 },
        "Tarn_Taran": { "lat": 31.45, "lon": 74.9333 }
      }
    },
    "Rajasthan": {
      "capital": { "name": "Jaipur", "lat": 26.9124, "lon": 75.7873 },
      "districts": {
        "Ajmer": { "lat": 26.4499, "lon": 74.6399 },
        "Alwar": { "lat": 27.55, "lon": 76.6333 },
        "Banswara": { "lat": 23.55, "lon": 74.45 },
        "Baran": { "lat": 25.1, "lon": 76.5167 },
        "Barmer": { "lat": 25.75, "lon": 71.3833 },
        "Bharatpur": { "lat": 27.2167, "lon": 77.5 },
        "Bhilwara": { "lat": 25.35, "lon": 74.6333 },
        "Bikaner": { "lat": 28.0167, "lon": 73.3167 },
        "Bundi": { "lat": 25.45, "lon": 75.6333 },
        "Chittorgarh": { "lat": 24.8833, "lon": 74.6167 },
        "Churu": { "lat": 28.3, "lon": 74.9667 },
        "Dausa": { "lat": 26.9, "lon": 76.35 },
        "Dholpur": { "lat": 26.7, "lon": 77.9 },
        "Dungarpur": { "lat": 23.85, "lon": 73.7167 },
        "Hanumangarh": { "lat": 29.5833, "lon": 74.3333 },
        "Jaipur": { "lat": 26.9124, "lon": 75.7873 },
        "Jaisalmer": { "lat": 26.9167, "lon": 70.9 },
        "Jalore": { "lat": 25.35, "lon": 72.6167 },
        "Jhalawar": { "lat": 24.6, "lon": 76.1667 },
        "Jhunjhunu": { "lat": 28.1333, "lon": 75.4 },
        "Jodhpur": { "lat": 26.2389, "lon": 73.0243 },
        "Karauli": { "lat": 26.5, "lon": 77.0167 },
        "Kota": { "lat": 25.1833, "lon": 75.85 },
        "Nagaur": { "lat": 27.2, "lon": 73.7333 },
        "Pali": { "lat": 25.7667, "lon": 73.3333 },
        "Pratapgarh": { "lat": 24.0333, "lon": 74.7833 },
        "Rajsamand": { "lat": 25.0667, "lon": 73.8833 },
        "Sawai_Madhopur": { "lat": 26.0167, "lon": 76.35 },
        "Sikar": { "lat": 27.6167, "lon": 75.15 },
        "Sirohi": { "lat": 24.8833, "lon": 72.8667 },
        "Sri_Ganganagar": { "lat": 29.9167, "lon": 73.8833 },
        "Tonk": { "lat": 26.1667, "lon": 75.7833 },
        "Udaipur": { "lat": 24.5854, "lon": 73.7125 }
      }
    },
    "Sikkim": {
      "capital": { "name": "Gangtok", "lat": 27.3389, "lon": 88.6065 },
      "districts": {
        "East_Sikkim": { "lat": 27.3333, "lon": 88.6167 },
        "North_Sikkim": { "lat": 27.9667, "lon": 88.5333 },
        "South_Sikkim": { "lat": 27.15, "lon": 88.3667 },
        "West_Sikkim": { "lat": 27.3, "lon": 88.2167 }
      }
    },
    "Tamil_Nadu": {
      "capital": { "name": "Chennai", "lat": 13.0827, "lon": 80.2707 },
      "districts": {
        "Ariyalur": { "lat": 11.15, "lon": 79.0833 },
        "Chengalpattu": { "lat": 12.6833, "lon": 79.9833 },
        "Chennai": { "lat": 13.0827, "lon": 80.2707 },
        "Coimbatore": { "lat": 11.0168, "lon": 76.9558 },
        "Cuddalore": { "lat": 11.75, "lon": 79.75 },
        "Dharmapuri": { "lat": 12.1333, "lon": 78.1667 },
        "Dindigul": { "lat": 10.3667, "lon": 77.9833 },
        "Erode": { "lat": 11.3410, "lon": 77.7172 },
        "Kallakurichi": { "lat": 11.7333, "lon": 78.9667 },
        "Kancheepuram": { "lat": 12.8333, "lon": 79.7 },
        "Kanniyakumari": { "lat": 8.0833, "lon": 77.55 },
        "Karur": { "lat": 10.95, "lon": 78.0833 },
        "Krishnagiri": { "lat": 12.5167, "lon": 78.2167 },
        "Madurai": { "lat": 9.9252, "lon": 78.1198 },
        "Mayiladuthurai": { "lat": 11.1, "lon": 79.65 },
        "Nagapattinam": { "lat": 10.7667, "lon": 79.85 },
        "Namakkal": { "lat": 11.2167, "lon": 78.1667 },
        "Nilgiris": { "lat": 11.4, "lon": 76.7333 },
        "Perambalur": { "lat": 11.2333, "lon": 78.8833 },
        "Pudukkottai": { "lat": 10.3833, "lon": 78.8167 },
        "Ramanathapuram": { "lat": 9.3667, "lon": 78.8333 },
        "Ranipet": { "lat": 12.9333, "lon": 79.3333 },
        "Salem": { "lat": 11.6643, "lon": 78.1460 },
        "Sivaganga": { "lat": 9.85, "lon": 78.4833 },
        "Tenkasi": { "lat": 8.9667, "lon": 77.3167 },
        "Thanjavur": { "lat": 10.7870, "lon": 79.1378 },
        "Theni": { "lat": 10.0167, "lon": 77.4833 },
        "Thoothukudi": { "lat": 8.7642, "lon": 78.1348 },
        "Tiruchirappalli": { "lat": 10.7905, "lon": 78.7047 },
        "Tirunelveli": { "lat": 8.7289, "lon": 77.6917 },
        "Tirupathur": { "lat": 12.5, "lon": 78.5667 },
        "Tiruppur": { "lat": 11.1075, "lon": 77.3398 },
        "Tiruvallur": { "lat": 13.1333, "lon": 79.9 },
        "Tiruvannamalai": { "lat": 12.2333, "lon": 79.0833 },
        "Tiruvarur": { "lat": 10.7667, "lon": 79.6333 },
        "Vellore": { "lat": 12.9165, "lon": 79.1325 },
        "Viluppuram": { "lat": 11.9333, "lon": 79.5 },
        "Virudhunagar": { "lat": 9.5833, "lon": 77.95 }
      }
    },
    "Telangana": {
      "capital": { "name": "Hyderabad", "lat": 17.3850, "lon": 78.4867 },
      "districts": {
        "Adilabad": { "lat": 19.6667, "lon": 78.5333 },
        "Bhadradri_Kothagudem": { "lat": 17.55, "lon": 80.6167 },
        "Hyderabad": { "lat": 17.3850, "lon": 78.4867 },
        "Jagtial": { "lat": 18.7833, "lon": 78.9167 },
        "Jangaon": { "lat": 17.7333, "lon": 79.15 },
        "Jayashankar_Bhupalpally": { "lat": 18.4333, "lon": 79.9667 },
        "Jogulamba_Gadwal": { "lat": 16.2333, "lon": 77.8 },
        "Kamareddy": { "lat": 18.3167, "lon": 78.3333 },
        "Karimnagar": { "lat": 18.4386, "lon": 79.1288 },
        "Khammam": { "lat": 17.2473, "lon": 80.1514 },
        "Komaram_Bheem": { "lat": 19.3333, "lon": 79.4667 },
        "Mahabubnagar": { "lat": 16.7333, "lon": 77.9833 },
        "Mahabubabad": { "lat": 17.6, "lon": 80.0 },
        "Mancherial": { "lat": 18.8667, "lon": 79.4333 },
        "Medak": { "lat": 18.05, "lon": 78.2667 },
        "Medchal_Malkajgiri": { "lat": 17.5333, "lon": 78.5167 },
        "Mulugu": { "lat": 18.1833, "lon": 79.95 },
        "Nagarkurnool": { "lat": 16.4833, "lon": 78.3167 },
        "Nalgonda": { "lat": 17.05, "lon": 79.2667 },
        "Narayanpet": { "lat": 16.7333, "lon": 77.5 },
        "Nirmal": { "lat": 19.1, "lon": 78.35 },
        "Nizamabad": { "lat": 18.6833, "lon": 78.1 },
        "Peddapalli": { "lat": 18.6167, "lon": 79.3833 },
        "Rajanna_Sircilla": { "lat": 18.3833, "lon": 78.8333 },
        "Ranga_Reddy": { "lat": 17.3333, "lon": 78.1333 },
        "Sangareddy": { "lat": 17.6167, "lon": 78.0833 },
        "Siddipet": { "lat": 18.1017, "lon": 78.8517 },
        "Suryapet": { "lat": 17.15, "lon": 79.6167 },
        "Vikarabad": { "lat": 17.3333, "lon": 77.9 },
        "Wanaparthy": { "lat": 16.3667, "lon": 78.0667 },
        "Warangal_Rural": { "lat": 18.0, "lon": 79.6 },
        "Warangal_Urban": { "lat": 17.9784, "lon": 79.6000 },
        "Yadadri_Bhuvanagiri": { "lat": 17.65, "lon": 78.95 }
      }
    },
    "Tripura": {
      "capital": { "name": "Agartala", "lat": 23.8315, "lon": 91.2868 },
      "districts": {
        "Dhalai": { "lat": 23.85, "lon": 91.9833 },
        "Gomati": { "lat": 23.5333, "lon": 91.5 },
        "Khowai": { "lat": 24.0667, "lon": 91.6 },
        "North_Tripura": { "lat": 24.25, "lon": 92.0667 },
        "Sepahijala": { "lat": 23.6333, "lon": 91.2 },
        "South_Tripura": { "lat": 23.3333, "lon": 91.5 },
        "Unakoti": { "lat": 24.35, "lon": 92.0833 },
        "West_Tripura": { "lat": 23.8315, "lon": 91.2868 }
      }
    },
    "Uttar_Pradesh": {
      "capital": { "name": "Lucknow", "lat": 26.8467, "lon": 80.9462 },
      "districts": {
        "Agra": { "lat": 27.1767, "lon": 78.0081 },
        "Aligarh": { "lat": 27.8833, "lon": 78.0833 },
        "Ambedkar_Nagar": { "lat": 26.45, "lon": 82.7 },
        "Amethi": { "lat": 26.15, "lon": 81.8 },
        "Amroha": { "lat": 28.9, "lon": 78.4667 },
        "Auraiya": { "lat": 26.4667, "lon": 79.5167 },
        "Ayodhya": { "lat": 26.7833, "lon": 82.2 },
        "Azamgarh": { "lat": 26.0667, "lon": 83.1833 },
        "Baghpat": { "lat": 28.95, "lon": 77.2167 },
        "Bahraich": { "lat": 27.5833, "lon": 81.6 },
        "Ballia": { "lat": 25.8, "lon": 84.1667 },
        "Balrampur": { "lat": 27.4333, "lon": 82.1833 },
        "Banda": { "lat": 25.4833, "lon": 80.3333 },
        "Barabanki": { "lat": 26.9333, "lon": 81.1833 },
        "Bareilly": { "lat": 28.3670, "lon": 79.4304 },
        "Basti": { "lat": 26.8, "lon": 82.7333 },
        "Bhadohi": { "lat": 25.4, "lon": 82.5667 },
        "Bijnor": { "lat": 29.3667, "lon": 78.1333 },
        "Budaun": { "lat": 28.05, "lon": 79.1167 },
        "Bulandshahr": { "lat": 28.4, "lon": 77.85 },
        "Chandauli": { "lat": 25.2667, "lon": 83.2667 },
        "Chitrakoot": { "lat": 25.2, "lon": 80.9 },
        "Deoria": { "lat": 26.5, "lon": 83.7833 },
        "Etah": { "lat": 27.5667, "lon": 78.6667 },
        "Etawah": { "lat": 26.7833, "lon": 79.0167 },
        "Farrukhabad": { "lat": 27.4, "lon": 79.5833 },
        "Fatehpur": { "lat": 25.9333, "lon": 80.8 },
        "Firozabad": { "lat": 27.15, "lon": 78.4 },
        "Gautam_Buddha_Nagar": { "lat": 28.5, "lon": 77.5333 },
        "Ghaziabad": { "lat": 28.6667, "lon": 77.4167 },
        "Ghazipur": { "lat": 25.5833, "lon": 83.5667 },
        "Gonda": { "lat": 27.1333, "lon": 81.9667 },
        "Gorakhpur": { "lat": 26.7588, "lon": 83.3697 },
        "Hamirpur": { "lat": 25.95, "lon": 80.15 },
        "Hapur": { "lat": 28.7167, "lon": 77.7667 },
        "Hardoi": { "lat": 27.4, "lon": 80.1333 },
        "Hathras": { "lat": 27.6, "lon": 78.05 },
        "Jalaun": { "lat": 26.15, "lon": 79.35 },
        "Jaunpur": { "lat": 25.75, "lon": 82.7 },
        "Jhansi": { "lat": 25.4486, "lon": 78.5696 },
        "Kannauj": { "lat": 27.0667, "lon": 79.9167 },
        "Kanpur_Dehat": { "lat": 26.4667, "lon": 79.9667 },
        "Kanpur_Nagar": { "lat": 26.4499, "lon": 80.3319 },
        "Kasganj": { "lat": 27.8, "lon": 78.65 },
        "Kaushambi": { "lat": 25.5333, "lon": 81.3667 },
        "Kushinagar": { "lat": 26.7333, "lon": 83.8833 },
        "Lakhimpur_Kheri": { "lat": 27.9333, "lon": 80.7833 },
        "Lalitpur": { "lat": 24.6833, "lon": 78.4167 },
        "Lucknow": { "lat": 26.8467, "lon": 80.9462 },
        "Maharajganj": { "lat": 27.15, "lon": 83.5667 },
        "Mahoba": { "lat": 25.2833, "lon": 79.8667 },
        "Mainpuri": { "lat": 27.2333, "lon": 79.0167 },
        "Mathura": { "lat": 27.4924, "lon": 77.6737 },
        "Mau": { "lat": 25.95, "lon": 83.5667 },
        "Meerut": { "lat": 28.9845, "lon": 77.7064 },
        "Mirzapur": { "lat": 25.15, "lon": 82.5667 },
        "Moradabad": { "lat": 28.8380, "lon": 78.7769 },
        "Muzaffarnagar": { "lat": 29.4667, "lon": 77.7 },
        "Pilibhit": { "lat": 28.6333, "lon": 79.8 },
        "Pratapgarh": { "lat": 25.9, "lon": 81.95 },
        "Prayagraj": { "lat": 25.4358, "lon": 81.8463 },
        "Raebareli": { "lat": 26.2333, "lon": 81.2333 },
        "Rampur": { "lat": 28.8, "lon": 79.0167 },
        "Saharanpur": { "lat": 29.9667, "lon": 77.55 },
        "Sambhal": { "lat": 28.5833, "lon": 78.5667 },
        "Sant_Kabir_Nagar": { "lat": 26.7833, "lon": 83.05 },
        "Shahjahanpur": { "lat": 27.8833, "lon": 79.9167 },
        "Shamli": { "lat": 29.45, "lon": 77.3167 },
        "Shravasti": { "lat": 27.5, "lon": 82.0 },
        "Siddharthnagar": { "lat": 27.2667, "lon": 83.0833 },
        "Sitapur": { "lat": 27.5667, "lon": 80.6833 },
        "Sonbhadra": { "lat": 24.6833, "lon": 83.0667 },
        "Sultanpur": { "lat": 26.2667, "lon": 82.0667 },
        "Unnao": { "lat": 26.55, "lon": 80.5 },
        "Varanasi": { "lat": 25.3176, "lon": 82.9739 }
      }
    },
    "Uttarakhand": {
      "capital": { "name": "Dehradun", "lat": 30.3165, "lon": 78.0322 },
      "districts": {
        "Almora": { "lat": 29.6, "lon": 79.6667 },
        "Bageshwar": { "lat": 29.85, "lon": 79.7667 },
        "Chamoli": { "lat": 30.4167, "lon": 79.3333 },
        "Champawat": { "lat": 29.3333, "lon": 80.1 },
        "Dehradun": { "lat": 30.3165, "lon": 78.0322 },
        "Haridwar": { "lat": 29.9457, "lon": 78.1642 },
        "Nainital": { "lat": 29.3919, "lon": 79.4542 },
        "Pauri_Garhwal": { "lat": 30.15, "lon": 78.7667 },
        "Pithoragarh": { "lat": 29.5833, "lon": 80.2167 },
        "Rudraprayag": { "lat": 30.2833, "lon": 78.9833 },
        "Tehri_Garhwal": { "lat": 30.3833, "lon": 78.4833 },
        "Udham_Singh_Nagar": { "lat": 29.0333, "lon": 79.4 },
        "Uttarkashi": { "lat": 30.7333, "lon": 78.45 }
      }
    },
    "West_Bengal": {
      "capital": { "name": "Kolkata", "lat": 22.5726, "lon": 88.3639 },
      "districts": {
        "Alipurduar": { "lat": 26.4833, "lon": 89.5167 },
        "Bankura": { "lat": 23.25, "lon": 87.0667 },
        "Birbhum": { "lat": 23.85, "lon": 87.5667 },
        "Cooch_Behar": { "lat": 26.3167, "lon": 89.4333 },
        "Dakshin_Dinajpur": { "lat": 25.5167, "lon": 88.7667 },
        "Darjeeling": { "lat": 27.05, "lon": 88.2667 },
        "Hooghly": { "lat": 22.9, "lon": 88.3833 },
        "Howrah": { "lat": 22.5958, "lon": 88.2636 },
        "Jalpaiguri": { "lat": 26.5167, "lon": 88.7333 },
        "Jhargram": { "lat": 22.45, "lon": 86.9833 },
        "Kalimpong": { "lat": 27.0667, "lon": 88.4667 },
        "Kolkata": { "lat": 22.5726, "lon": 88.3639 },
        "Malda": { "lat": 25.0167, "lon": 88.1333 },
        "Murshidabad": { "lat": 24.1833, "lon": 88.2667 },
        "Nadia": { "lat": 23.4667, "lon": 88.5667 },
        "North_24_Parganas": { "lat": 22.85, "lon": 88.75 },
        "Paschim_Bardhaman": { "lat": 23.5167, "lon": 87.3167 },
        "Paschim_Medinipur": { "lat": 22.4333, "lon": 87.3167 },
        "Purba_Bardhaman": { "lat": 23.25, "lon": 87.8667 },
        "Purba_Medinipur": { "lat": 22.2667, "lon": 87.9167 },
        "Purulia": { "lat": 23.3333, "lon": 86.3667 },
        "South_24_Parganas": { "lat": 22.1667, "lon": 88.4333 },
        "Uttar_Dinajpur": { "lat": 26.2167, "lon": 88.1 }
      }
    },
    "Andaman_and_Nicobar_Islands": {
      "capital": { "name": "Port Blair", "lat": 11.6234, "lon": 92.7265 },
      "districts": {
        "Nicobar": { "lat": 7.1167, "lon": 93.7833 },
        "North_and_Middle_Andaman": { "lat": 12.8, "lon": 92.9333 },
        "South_Andaman": { "lat": 11.6234, "lon": 92.7265 }
      }
    },
    "Chandigarh": {
      "capital": { "name": "Chandigarh", "lat": 30.7333, "lon": 76.7794 },
      "districts": {
        "Chandigarh": { "lat": 30.7333, "lon": 76.7794 }
      }
    },
    "Dadra_and_Nagar_Haveli_and_Daman_and_Diu": {
      "capital": { "name": "Daman", "lat": 20.3974, "lon": 72.8328 },
      "districts": {
        "Dadra_and_Nagar_Haveli": { "lat": 20.1809, "lon": 73.0169 },
        "Daman": { "lat": 20.3974, "lon": 72.8328 },
        "Diu": { "lat": 20.7141, "lon": 70.9875 }
      }
    },
    "Jammu_and_Kashmir": {
      "capital": { "name": "Srinagar", "lat": 34.0837, "lon": 74.7973 },
      "districts": {
        "Anantnag": { "lat": 33.7333, "lon": 75.15 },
        "Bandipora": { "lat": 34.4167, "lon": 74.65 },
        "Baramulla": { "lat": 34.2, "lon": 74.35 },
        "Budgam": { "lat": 33.9333, "lon": 74.7333 },
        "Doda": { "lat": 33.15, "lon": 75.55 },
        "Ganderbal": { "lat": 34.2333, "lon": 74.7833 },
        "Jammu": { "lat": 32.7266, "lon": 74.8570 },
        "Kathua": { "lat": 32.3833, "lon": 75.5167 },
        "Kishtwar": { "lat": 33.3167, "lon": 75.7667 },
        "Kulgam": { "lat": 33.65, "lon": 75.0167 },
        "Kupwara": { "lat": 34.5167, "lon": 74.2667 },
        "Poonch": { "lat": 33.7667, "lon": 74.1 },
        "Pulwama": { "lat": 33.8667, "lon": 74.9 },
        "Rajouri": { "lat": 33.3833, "lon": 74.3 },
        "Ramban": { "lat": 33.25, "lon": 75.25 },
        "Reasi": { "lat": 33.0833, "lon": 74.8333 },
        "Samba": { "lat": 32.5667, "lon": 75.1167 },
        "Shopian": { "lat": 33.7167, "lon": 74.8333 },
        "Srinagar": { "lat": 34.0837, "lon": 74.7973 },
        "Udhampur": { "lat": 32.9333, "lon": 75.1333 }
      }
    },
    "Ladakh": {
      "capital": { "name": "Leh", "lat": 34.1526, "lon": 77.5771 },
      "districts": {
        "Kargil": { "lat": 34.55, "lon": 76.1333 },
        "Leh": { "lat": 34.1526, "lon": 77.5771 }
      }
    },
    "Lakshadweep": {
      "capital": { "name": "Kavaratti", "lat": 10.5593, "lon": 72.6358 },
      "districts": {
        "Lakshadweep": { "lat": 10.5593, "lon": 72.6358 }
      }
    },
    "Puducherry": {
      "capital": { "name": "Puducherry", "lat": 11.9416, "lon": 79.8083 },
      "districts": {
        "Karaikal": { "lat": 10.9254, "lon": 79.8380 },
        "Mahe": { "lat": 11.7, "lon": 75.5333 },
        "Puducherry": { "lat": 11.9416, "lon": 79.8083 },
        "Yanam": { "lat": 16.7333, "lon": 82.2167 }
      }
    }
  }
}
